{"cameraMode":{"drawMode":0,"name":"Shaded","section":"Shading Mode"},"sceneLighting":true,"audioPlay":false,"sceneViewState":{"m_AlwaysRefresh":false,"showFog":true,"showSkybox":true,"showFlares":true,"showImageEffects":true,"showParticleSystems":true,"showVisualEffectGraphs":true,"m_FxEnabled":true},"in2DMode":false,"pivot":{"x":-254.02186584472657,"y":-172.76058959960938,"z":184.60806274414063},"rotation":{"x":-0.2423805445432663,"y":0.4719272255897522,"z":-0.13672442734241486,"w":-0.8365913033485413},"size":217.49676513671876,"orthographic":false}