{"cameraMode":{"drawMode":0,"name":"Shaded","section":"Shading Mode"},"sceneLighting":true,"audioPlay":false,"sceneViewState":{"m_AlwaysRefresh":false,"showFog":true,"showSkybox":true,"showFlares":true,"showImageEffects":true,"showParticleSystems":true,"showVisualEffectGraphs":true,"m_FxEnabled":true},"in2DMode":false,"pivot":{"x":7.417574882507324,"y":18.13684844970703,"z":32.91556930541992},"rotation":{"x":-0.38582703471183779,"y":-0.045675937086343768,"z":0.019108468666672708,"w":-0.9212585091590881},"size":19.708145141601564,"orthographic":false}