{"cameraMode":{"drawMode":0,"name":"Shaded","section":"Shading Mode"},"sceneLighting":true,"audioPlay":false,"sceneViewState":{"m_AlwaysRefresh":false,"showFog":true,"showSkybox":true,"showFlares":true,"showImageEffects":true,"showParticleSystems":true,"showVisualEffectGraphs":true,"m_FxEnabled":true},"in2DMode":false,"pivot":{"x":4.875712871551514,"y":37.617637634277347,"z":19.38149642944336},"rotation":{"x":0.20819388329982758,"y":-0.5094420313835144,"z":0.12856438755989076,"w":0.8249849081039429},"size":55.767601013183597,"orthographic":false}